区,エリア,物件名,所在地,最寄駅・徒歩,竣工年月,地上階数,総戸数,分譲/賃貸,売主・デベロッパー,状況,備考,出典
中原区,武蔵小杉,パークシティ武蔵小杉 ミッドスカイタワー,新丸子東3丁目,武蔵小杉 徒歩2〜3分,2009-03,59,794,分譲,三井不動産・新日石不動産,竣工,高さ203.5m。竣工2009年4月とする資料あり,https://ja.wikipedia.org/wiki/パークシティ武蔵小杉ミッドスカイタワー
中原区,武蔵小杉,パークシティ武蔵小杉 ステーションフォレストタワー,新丸子東3丁目,武蔵小杉 徒歩2〜4分,2008-08,47,643,分譲,三井不動産・新日石不動産,竣工,高さ162.8m。48階とする資料あり。2019年台風19号で浸水,https://ja.wikipedia.org/wiki/パークシティ武蔵小杉ステーションフォレストタワー
中原区,武蔵小杉,パークシティ武蔵小杉 ザ・グランドウイングタワー,新丸子東3丁目,武蔵小杉 徒歩1分,2013-11,38,506,分譲,三井不動産レジデンシャル,竣工,高さ141.74m。竣工2014年3月とする資料あり。南口東街区再開発,https://ja.wikipedia.org/wiki/武蔵小杉
中原区,武蔵小杉,パークシティ武蔵小杉 ザ ガーデン タワーズイースト,小杉町2丁目,武蔵小杉 徒歩4〜5分,2017-11,53,592,分譲,三井不動産レジデンシャル・JX不動産,竣工,高さ178.9m。戸数599とする資料あり,https://www.livable.co.jp/mansion/library/000000077386/
中原区,武蔵小杉,パークシティ武蔵小杉 ザ ガーデン タワーズウエスト,小杉町2丁目,武蔵小杉 徒歩5分,2018-10,53,613,分譲,三井不動産レジデンシャル・JX不動産,竣工,高さ178.9m。戸数623・竣工2018年12月とする資料あり,https://www.homes.co.jp/mansion/chuko/theme/12108/kanagawa/kawasaki_nakahara-city/list/
中原区,武蔵小杉,シティタワー武蔵小杉,市ノ坪,武蔵小杉 徒歩4分,2016-01,53,800,分譲,住友不動産,竣工,高さ185m。免震,https://ja.wikipedia.org/wiki/シティタワー武蔵小杉
中原区,武蔵小杉,プラウドタワー武蔵小杉,小杉町3丁目,武蔵小杉（東横線） 徒歩4〜5分,2015-01,45,450,分譲,野村不動産,竣工,高さ158.95m。13階建の賃貸棟を併設,https://www.livable.co.jp/mansion/library/kanagawa/a14133/conditions-tower-mansion/
中原区,武蔵小杉,エクラスタワー武蔵小杉,小杉町3丁目,武蔵小杉（東横線） 徒歩1分,2013-02,39,326,分譲,東京急行電鉄・東急不動産・丸紅・東電不動産,竣工,高さ149m。南口西街区再開発,https://www.nomu.com/mansion/library/id/P0025023
中原区,武蔵小杉,コスギ サード アヴェニュー ザ・レジデンス,小杉町3丁目,武蔵小杉（東横線） 徒歩2分,2020-06,38,519,分譲,三井不動産レジデンシャル・東急不動産,竣工,高さ142m。39階とする資料あり,https://www.tokyu-fudosan-hd.co.jp/news/pdf/1732.pdf
中原区,武蔵小杉,ドレッセタワー武蔵小杉,小杉町3丁目,武蔵小杉（東横線） 徒歩3分,2024-03,23,160,分譲,東急・伊藤忠都市開発,竣工,高さ78.77m,https://db.self-in.com/station/2600211.html
中原区,武蔵小杉,ザ・コスギタワー,中丸子,武蔵小杉（横須賀線） 徒歩4〜5分,2008-06,49,689,分譲,東京建物・伊藤忠都市開発,竣工,高さ160m,https://ja.wikipedia.org/wiki/ザ・コスギタワー
中原区,武蔵小杉,リエトコート武蔵小杉 イーストタワー,中丸子,武蔵小杉（横須賀線） 徒歩2〜3分,2008-02,45,542,分譲,住友不動産,竣工,高さ約161m。当初は一棟賃貸、2010年に住友不動産が取得し再販分譲,https://www.rehouse.co.jp/mansionlibrary/ABM0110104/
中原区,武蔵小杉,リエトコート武蔵小杉 ザ・クラッシィタワー,中丸子,武蔵小杉（横須賀線） 徒歩3分前後,2008-02,45,542,分譲,住友不動産,竣工,高さ約161m。,https://www.rehouse.co.jp/mansionlibrary/ABM0110104/
中原区,武蔵小杉,レジデンス・ザ・武蔵小杉,新丸子東3丁目,武蔵小杉（横須賀線） 徒歩1分,2007-08,24,389,分譲,コスモスイニシア,竣工,高さ76.25m,https://ja.wikipedia.org/wiki/レジデンス・ザ・武蔵小杉
中原区,武蔵小杉,シティハウス武蔵小杉,下沼部,武蔵小杉（東横線） 徒歩8分,2009-02,22,188,分譲,住友不動産,竣工,高さ79.9m,https://www.livable.co.jp/mansion/library/kanagawa/a14133/conditions-tower-mansion/
中原区,武蔵小杉,Brillia 武蔵小杉,新丸子東3丁目,武蔵小杉（南武線） 徒歩2分,2011-08,20,130,分譲,東京建物,竣工,高さ69.95m,https://www.livable.co.jp/mansion/library/kanagawa/a14133/conditions-tower-mansion/
中原区,武蔵小杉,ザ・パークハウス 武蔵小杉タワーズ サウス,小杉町1丁目,武蔵小杉 徒歩3〜6分,2027-09（予定）,50,719,分譲,三菱地所レジデンス,建設中,日本医大跡地C街区。高さ175.67m。戸数が棟単独か2棟合計か要確認,https://www.athome.co.jp/town-library/article/123334/
中原区,武蔵小杉,ザ・パークハウス 武蔵小杉タワーズ ノース,小杉町1丁目,武蔵小杉 徒歩3〜6分,2028-05（予定）,50,719,分譲,三菱地所レジデンス,建設中,戸数が棟単独か2棟合計か要確認,https://www.athome.co.jp/town-library/article/123334/
中原区,武蔵小杉,（仮称）小杉町一丁目計画,小杉町1丁目,武蔵小杉 北口,2029-10（予定）,43,約500,分譲（予定）,三井不動産レジデンシャル,建設中,ホテル・ザ・エルシィ跡地。最高高さ約165m,https://bluestyle.livedoor.biz/archives/52600887.html
幸区,新川崎・鹿島田,パークタワー新川崎,鹿島田1丁目,新川崎 徒歩3分,2016-10,47,670,分譲,三井不動産レジデンシャル,竣工,高さ158.4m。階数46・戸数669/689とする資料あり,https://t23m-navi.jp/indexes/d/4189334
幸区,新川崎・鹿島田,サウザンドシティ1番館（サウザンドタワー）,新塚越,鹿島田 徒歩2分,2002-12,41,469,分譲,川崎市住宅供給公社,竣工,高さ135m。全7棟1000戸のうち20階以上は1番館のみ,https://t23m-navi.jp/indexes/d/119365
幸区,川崎駅,クレッセント川崎タワー,中幸町3丁目,川崎 徒歩5分,2009-02,38,365,分譲,モリモト,竣工,高さ130.87m,https://t23m-navi.jp/indexes/d/129001
幸区,川崎駅,ラゾーナ川崎レジデンス セントラルタワー,堀川町,川崎 徒歩2〜3分,2007-01,34,404,分譲,東芝不動産・三井不動産レジデンシャル,竣工,高さ124m。レジデンス3棟で667戸,https://t23m-navi.jp/indexes/d/182547
幸区,川崎駅,ブリリアタワー川崎,大宮町,川崎 徒歩6分,2008-07,34,395,分譲,東京建物・ジェイアール東日本都市開発・東日本旅客鉄道,竣工,高さ117.5m,https://t23m-navi.jp/indexes/d/134947
幸区,川崎駅,アーベインビオ川崎（3号棟）,大宮町,川崎 徒歩5〜7分,2004,35,574,賃貸（UR）,UR都市機構,竣工,戸数は団地全体（1・2号棟は13階）。高さ124m,https://www.ur-net.go.jp/chintai/kanto/kanagawa/40_4020.html
幸区,川崎駅,サンクタス川崎タワー,中幸町3丁目,川崎 徒歩6〜7分,2012-03,33,300,分譲,オリックス・リアルエステート,竣工,高さ114.61m,https://t23m-navi.jp/indexes/d/277314
幸区,新川崎・鹿島田,パークシティ新川崎 西三番街D棟,小倉1丁目,鹿島田 徒歩5分,1988-03,30,228,分譲,三井不動産,竣工,高さ94.9m。全9住棟のうち20階以上はD棟・G棟の2棟（他は10〜15階）,https://skyskysky.net/building-japan/14kanagawa/02kawasaki.html
幸区,新川崎・鹿島田,パークシティ新川崎 東二番街G棟,小倉1丁目,鹿島田・新川崎 徒歩4〜6分,1987-03,30,229,分譲,三井不動産,竣工,高さ94.9m。全9住棟のうち20階以上はD棟・G棟の2棟（他は10〜15階）,https://www.rehouse.co.jp/buy/mansion/bkdetail/FR3BPA08/
幸区,川崎駅,イクス川崎ザ・タワー,大宮町,川崎 徒歩3〜4分,2000-06,24,160,分譲,東急不動産・積水ハウス・寿産業,竣工,,https://t23m-navi.jp/indexes/d/117925
幸区,川崎駅,川崎ゲートタワー,大宮町,川崎 徒歩8分,2012-04,22,110,分譲,川崎市住宅供給公社,竣工,,https://t23m-navi.jp/indexes/d/1308739
幸区,川崎駅,アクアリーナ川崎 ロッソタワー,戸手4丁目,川崎 徒歩14〜18分,2008-10,22,126,分譲,新日本建物・新日鉄都市開発・丸紅,竣工,,https://t23m-navi.jp/indexes/d/162163
幸区,川崎駅,アクアリーナ川崎 アズリーノタワー,戸手4丁目,川崎 徒歩14分,2008-10,22,144,分譲,新日本建物・新日鉄都市開発・丸紅,竣工,,https://t23m-navi.jp/indexes/d/112764
幸区,川崎駅,アクアリーナ川崎 ヴェルデタワー,戸手4丁目,京急川崎 徒歩15分,2008-11,20,125,分譲,新日本建物・新日鉄都市開発・丸紅,竣工,,https://t23m-navi.jp/indexes/d/173242
幸区,川崎駅,グランエステ川崎ツインタワー 壱番館,戸手4丁目,京急川崎 徒歩12分,2001-02,21,134,分譲,ニューシティコーポレーション・日本新都市開発,竣工,,https://t23m-navi.jp/indexes/d/128794
幸区,川崎駅,グランエステ川崎ツインタワー 弐番館,戸手4丁目,京急川崎 徒歩12分,2001-02,21,134,分譲,ニューシティコーポレーション・日本新都市開発,竣工,,https://t23m-navi.jp/indexes/d/106042
幸区,川崎駅,ヴィルクレール川崎タワー,大宮町,川崎 徒歩4〜6分,1999-10,21,106,分譲,新日本製鐵・三井不動産,竣工,,https://t23m-navi.jp/indexes/d/115762
幸区,新川崎・鹿島田,シンカシティ ステーションスイート,新川崎,新川崎 徒歩3〜5分,2010-02,20,356,分譲,名鉄不動産・長谷工アーベスト,竣工,,https://t23m-navi.jp/indexes/d/112742
幸区,矢向,ザ・ミレナリータワーズ サウスシティタワー,塚越4丁目,矢向 徒歩7分,2007-06,20,258,分譲,ゴールドクレスト,竣工,同敷地のガーデンレジデンス（15階）・ブライトレジデンス（13階）は対象外,https://www.livable.co.jp/mansion/library/000000077453/
幸区,矢向,ザ・ミレナリータワーズ サウスパークタワー,塚越4丁目,矢向 徒歩7分,2007-09,20,235,分譲,ゴールドクレスト,竣工,同敷地のガーデンレジデンス（15階）・ブライトレジデンス（13階）は対象外,https://www.livable.co.jp/mansion/library/000000077453/
幸区,川崎駅,（仮称）川崎市幸区堀川町A地区開発計画,堀川町,川崎,2033年度（予定）,34,,未確定,京浜急行電鉄・関電不動産開発・日鉄興和不動産・大和ハウス工業・三菱地所レジデンス,計画中,環境影響評価の方法書段階（2026年6月縦覧）。高さ約118m,https://www.city.kawasaki.jp/300/cmsfiles/contents/0000185/185518/354_houhou_osirase.pdf
川崎区,港町,リヴァリエA棟（エアリータワー）,港町,港町 徒歩1分,2012-11,29,455,分譲,京浜急行電鉄・大和ハウス工業,竣工,3棟で1394戸。竣工2013年とする資料あり,https://t23m-navi.jp/indexes/d/4191714
川崎区,港町,リヴァリエB棟,港町,港町 徒歩2分,2014-11,29,478,分譲,京浜急行電鉄・大和ハウス工業,竣工,竣工2015年2月とする資料あり,https://t23m-navi.jp/indexes/d/2914136
川崎区,港町,リヴァリエC棟,港町,港町 徒歩2〜3分,2016-11,28,461,分譲,京浜急行電鉄・大和ハウス工業,竣工,竣工2017年2月とする資料あり。売主表記は要確認,https://t23m-navi.jp/indexes/d/4189353
川崎区,川崎駅,パレール川崎,東田町,京急川崎 徒歩6分,1990-01,22,95,分譲,,竣工,売主不明,https://t23m-navi.jp/indexes/d/106064
川崎区,浜川崎,アイランドブリーズ,小田栄2丁目,浜川崎 徒歩7分,2007-01,20,533,分譲,ゼファー・ナイス,竣工,,https://t23m-navi.jp/indexes/d/106131
川崎区,川崎駅,カワサキ・ミッドマークタワー,砂子2丁目,川崎 徒歩4分,2015-12,20,159,分譲,モリモト・大和ハウス工業,竣工,,https://t23m-navi.jp/indexes/d/3507556
川崎区,港町,（仮称）鈴木町駅前南地区開発計画,港町,鈴木町,2030-10（予定）,26,,未確定,日鉄興和不動産,計画中,環境影響評価書縦覧済み（2025年11月）。高さ約90m。商業併設,https://www.city.kawasaki.jp/300/cmsfiles/contents/0000176/176497/347_oshirase.pdf
川崎区,川崎駅,（仮称）川崎日進町計画,日進町,川崎 約500〜600m,2031-02（予定）,34,306,未確定,住友不動産,計画中,環境影響評価段階（2026年7月縦覧）。高さ約117〜125m（資料で差）,https://www.kenbiya.com/ar/ns/region/shutoken/10214.html
高津区,溝の口,ザ・タワー＆パークス田園都市溝の口 L棟,久本3丁目,溝の口 徒歩13分,2006-11,32,,分譲,住友不動産・大京,竣工,2棟で648戸（棟別戸数は未確認）。高さ約100m,https://www.nomu.com/mansion/library/id/P0006170/
高津区,溝の口,ザ・タワー＆パークス田園都市溝の口 R棟,久本3丁目,溝の口 徒歩13分,2006-11,32,,分譲,住友不動産・大京,竣工,2棟で648戸（棟別戸数は未確認）。高さ約100m,https://www.nomu.com/mansion/library/id/P0006170/
高津区,溝の口,溝の口ガーデンアクアス A棟（ビューウィング）,久地3丁目,久地 徒歩12分,2007-01,20,342,分譲,新日鉄都市開発ほか,竣工,2棟で855戸,https://www.dh-realestate.co.jp/zukan/588969
高津区,溝の口,溝の口ガーデンアクアス B棟（アクアウィング）,久地3丁目,久地 徒歩12分,2007-01,20,513,分譲,新日鉄都市開発ほか,竣工,2棟で855戸,https://www.dh-realestate.co.jp/zukan/588969
高津区,溝の口,メイフェアパークス溝の口 C棟,久本2丁目,溝の口 徒歩11〜15分,2000-11,20,215,分譲,大和土地建物・相鉄不動産,竣工,全6棟547戸のうち20階はC棟のみ（他は9〜14階）,https://hamatawa.com/mayfair_parks_mizonokuchi/
高津区,溝の口,（仮称）溝の口南口計画,久本1丁目,武蔵溝ノ口 徒歩1分,2029-12（予定）,24,127,未確定,末長組,建設中,高さ79.88m。住宅・店舗,https://skyskysky.net/construction/202950.html
宮前区,鷺沼,鷺沼駅前地区再開発 駅前街区,鷺沼1丁目ほか,鷺沼 直結,2031年度（予定）,32,約342,未確定,鷺沼駅前地区市街地再開発組合（事業協力者 東急）,計画中,高さ約133m。2024年に規模縮小（当初37階）,https://www.city.kawasaki.jp/500/page/0000096264.html
多摩区,登戸・向ヶ丘遊園,アトラスタワー向ヶ丘遊園,登戸,向ヶ丘遊園 徒歩1〜2分,2008-09,23,251,分譲,旭化成ホームズ,竣工,22階とする記述あり,https://www.nomu.com/mansion/library/id/P0002678/
多摩区,登戸・向ヶ丘遊園,パークタワー向ヶ丘遊園,登戸,向ヶ丘遊園 徒歩2分,2025-10,25,241,分譲,三井不動産レジデンシャル・小田急不動産,竣工,高さ79.98m,https://skyskysky.net/building-japan/14kanagawa/02/202672.html
多摩区,登戸・向ヶ丘遊園,登戸駅前地区第一種市街地再開発事業,登戸,登戸 直結,2029-11（予定）,38,442,未確定,東急不動産・小田急不動産・東急（参加組合員）,建設中,高さ約140m。2026年着工,https://skyskysky.net/construction/202724.html
麻生区,柿生,柿生駅前南地区第一種市街地再開発事業,上麻生5丁目,柿生 駅前,未定,30,約300,未確定,柿生駅前南地区市街地再開発準備組合,計画中,2024年10月時点で未着工（停滞）。高さ約110m,https://skyskysky.net/construction/202420.html
