quarter,group,label,count,median_unit_price_man,rolling_count,rolling_median_man,median_built_year
2021Q1,kawasaki,川崎市全体,198,65.6,,,2011
2021Q1,kawasaki_sta,川崎駅周辺,13,85.7,,,2009
2021Q1,tokyo23,東京23区,1616,95.0,,,2012
2021Q1,kosugi,武蔵小杉駅周辺,31,95.6,,,2013
2021Q2,kawasaki,川崎市全体,261,69.3,,,2012
2021Q2,kawasaki_sta,川崎駅周辺,15,92.3,,,2012
2021Q2,tokyo23,東京23区,1976,100.0,,,2012
2021Q2,kosugi,武蔵小杉駅周辺,36,95.6,,,2009
2021Q3,kawasaki,川崎市全体,229,72.9,,,2013
2021Q3,kawasaki_sta,川崎駅周辺,14,94.4,,,2012
2021Q3,tokyo23,東京23区,1651,101.2,,,2013
2021Q3,kosugi,武蔵小杉駅周辺,34,98.7,,,2011
2021Q4,kawasaki,川崎市全体,267,72.5,955,70.0,2012
2021Q4,kawasaki_sta,川崎駅周辺,12,92.0,54,92.0,2008
2021Q4,tokyo23,東京23区,1885,102.2,7128,100.0,2013
2021Q4,kosugi,武蔵小杉駅周辺,34,98.6,135,97.3,2011
2022Q1,kawasaki,川崎市全体,233,78.6,990,72.7,2012
2022Q1,kawasaki_sta,川崎駅周辺,15,100.0,56,96.6,2015
2022Q1,tokyo23,東京23区,1901,104.3,7413,101.4,2013
2022Q1,kosugi,武蔵小杉駅周辺,35,97.3,139,97.3,2008
2022Q2,kawasaki,川崎市全体,255,76.5,984,74.7,2012
2022Q2,kawasaki_sta,川崎駅周辺,16,93.3,57,96.4,2012
2022Q2,tokyo23,東京23区,1931,106.2,7368,103.6,2013
2022Q2,kosugi,武蔵小杉駅周辺,45,106.7,148,100.0,2012
2022Q3,kawasaki,川崎市全体,195,77.5,950,75.0,2012
2022Q3,kawasaki_sta,川崎駅周辺,14,93.9,57,96.9,2015
2022Q3,tokyo23,東京23区,1799,108.6,7516,105.5,2013
2022Q3,kosugi,武蔵小杉駅周辺,35,105.3,149,101.3,2011
2022Q4,kawasaki,川崎市全体,242,75.7,925,76.9,2013
2022Q4,kawasaki_sta,川崎駅周辺,7,80.0,52,96.6,2016
2022Q4,tokyo23,東京23区,1855,112.5,7486,107.5,2013
2022Q4,kosugi,武蔵小杉駅周辺,37,106.7,152,104.2,2011
2023Q1,kawasaki,川崎市全体,323,77.1,1015,76.8,2013
2023Q1,kawasaki_sta,川崎駅周辺,17,100.0,54,94.0,2012
2023Q1,tokyo23,東京23区,1944,109.0,7529,108.6,2013
2023Q1,kosugi,武蔵小杉駅周辺,46,105.0,163,106.0,2011
2023Q2,kawasaki,川崎市全体,255,77.5,1015,76.9,2012
2023Q2,kawasaki_sta,川崎駅周辺,12,104.4,50,97.1,2012
2023Q2,tokyo23,東京23区,1923,113.3,7521,111.1,2014
2023Q2,kosugi,武蔵小杉駅周辺,32,112.5,150,106.7,2011
2023Q3,kawasaki,川崎市全体,241,80.0,1061,77.3,2013
2023Q3,kawasaki_sta,川崎駅周辺,12,81.7,48,93.0,2012
2023Q3,tokyo23,東京23区,1931,115.4,7653,112.5,2013
2023Q3,kosugi,武蔵小杉駅周辺,34,118.0,149,110.0,2014
2023Q4,kawasaki,川崎市全体,273,83.8,1092,78.8,2013
2023Q4,kawasaki_sta,川崎駅周辺,19,103.6,60,100.0,2012
2023Q4,tokyo23,東京23区,2058,120.0,7856,114.3,2014
2023Q4,kosugi,武蔵小杉駅周辺,34,116.8,146,112.0,2014
2024Q1,kawasaki,川崎市全体,269,82.9,1038,80.0,2013
2024Q1,kawasaki_sta,川崎駅周辺,13,107.3,56,103.6,2015
2024Q1,tokyo23,東京23区,2257,120.0,8169,117.1,2014
2024Q1,kosugi,武蔵小杉駅周辺,42,115.6,142,115.1,2008
2024Q2,kawasaki,川崎市全体,269,85.9,1052,82.5,2013
2024Q2,kawasaki_sta,川崎駅周辺,14,119.8,58,103.8,2013
2024Q2,tokyo23,東京23区,2103,122.7,8349,120.0,2014
2024Q2,kosugi,武蔵小杉駅周辺,55,128.6,165,120.0,2014
2024Q3,kawasaki,川崎市全体,251,81.4,1062,83.3,2012
2024Q3,kawasaki_sta,川崎駅周辺,11,114.0,57,107.5,2018
2024Q3,tokyo23,東京23区,1704,127.7,8122,121.7,2014
2024Q3,kosugi,武蔵小杉駅周辺,28,129.7,159,121.2,2011
2024Q4,kawasaki,川崎市全体,241,87.1,1030,84.0,2014
2024Q4,kawasaki_sta,川崎駅周辺,11,117.1,49,111.4,2012
2024Q4,tokyo23,東京23区,1920,126.7,7984,124.0,2014
2024Q4,kosugi,武蔵小杉駅周辺,33,141.7,158,126.7,2013
2025Q1,kawasaki,川崎市全体,302,85.7,1063,84.6,2014
2025Q1,kawasaki_sta,川崎駅周辺,12,111.4,48,114.3,2012
2025Q1,tokyo23,東京23区,2566,130.0,8293,126.7,2014
2025Q1,kosugi,武蔵小杉駅周辺,49,150.0,165,135.4,2014
2025Q2,kawasaki,川崎市全体,293,88.9,1087,85.7,2013
2025Q2,kawasaki_sta,川崎駅周辺,27,106.7,61,111.1,2015
2025Q2,tokyo23,東京23区,2496,133.3,8686,130.0,2014
2025Q2,kosugi,武蔵小杉駅周辺,53,146.7,163,141.2,2014
2025Q3,kawasaki,川崎市全体,269,94.1,1105,88.8,2014
2025Q3,kawasaki_sta,川崎駅周辺,18,128.7,68,114.6,2012
2025Q3,tokyo23,東京23区,2566,141.2,9548,133.3,2014
2025Q3,kosugi,武蔵小杉駅周辺,52,148.8,187,146.7,2013
2025Q4,kawasaki,川崎市全体,289,92.9,1153,90.0,2013
2025Q4,kawasaki_sta,川崎駅周辺,19,117.3,76,114.6,2012
2025Q4,tokyo23,東京23区,2508,146.7,10136,137.5,2015
2025Q4,kosugi,武蔵小杉駅周辺,42,155.8,196,150.0,2012
2026Q1,kawasaki,川崎市全体,300,90.8,1151,91.4,2014
2026Q1,kawasaki_sta,川崎駅周辺,12,129.0,76,117.4,2012
2026Q1,tokyo23,東京23区,2421,148.0,9991,142.9,2014
2026Q1,kosugi,武蔵小杉駅周辺,41,157.1,188,152.5,2013
